	English	French	Spanish	German	Portuguese	Italian	Chinese	Japanese	Korean
English	English	Anglais	Inglés	Englisch	Inglês	Inglese	英语	英語	영어
French	French	Français	Francés	Französisch	Francês	Francese	法语	フランス語	프랑스어
Spanish	Spanish	Espagnol	Español	Spanisch	Espanhol	Spagnolo	西班牙语	スペイン語	스페인어
German	German	Allemand	Alemán	Deutsch	Alemão	Tedesco	德语	ドイツ語	독일어
Portuguese	Portuguese	Portuguais	Portugués	Portugiesisch	Português	Portoghese	葡萄牙语	ポルトガル語	포르투갈어
Italian	Italian	Italien	Italiano	Italienisch	Italiano	Italiano	意大利语	イタリア語	이탈리아어
Chinese	Chinese	Chinois	Chino	Chinesisch	Chinês	Cinese	意大利语	中国語	중국어
Japanese	Japanese	Japonais	Japonés	Japanisch	Japonês	Giapponese	日语	日本語	일본어
Korean	Korean	Coréen	Coreano	Koreanisch	Coreano	Coreano	韩语	韓国語	한국어